0;1;2;3;4;5;6;7;9;10;11;12;15;16;17;19;20;27;32;34;36;37;41;42;44;48;60;62;96;116;118;119
1;0;2;3;4;6;8;9;12;17;18;24;26;29;30;41;42;65;66;88;119
2;0;1;3;4;5;7;9;24;26;41;42;50;54;64;91;111
3;0;1;2;4;5;6;12;14;15;16;19;32;53;59;69;102
4;0;1;2;3;5;6;7;9;10;11;14;18;63
5;0;2;3;4;6;7;13;19;24;26;34;38;103;108
6;4;5;7;8;28;31
7;1;2;5;6;8;9;27;30;41;51
8;0;1;3;6;7;9;10;14;21;23;27;38
9;4;5;7;8;10;11;12;20;26;43;98
10;0;2;5;8;9;11;12;22;29;100
11;0;1;2;3;5;9;10;12;13;16
12;0;6;10;11;13;14;17;20
13;0;1;4;9;11;12;14;15;42
14;0;1;3;8;12;13;15;16;84;100
15;0;1;9;10;13;14;16;17
16;0;1;8;9;14;15;17;18;52
17;0;2;6;10;15;16;18;19;41
18;0;4;14;16;17;19;20;25
19;0;1;3;4;11;17;18;20;21
20;1;13;18;19;21;22
21;0;1;3;5;8;14;19;20;22;23;29;100
22;0;1;20;21;23;24;32
23;21;22;24;25
24;1;11;14;22;23;25;26;31
25;21;23;24;26;27
26;3;23;24;25;27;28;35;102
27;2;25;26;28;29
28;26;27;29;30
29;0;14;27;28;30;31
30;3;28;29;31;32
31;1;3;19;25;29;30;32;33
32;0;1;3;30;31;33;34;39;67
33;31;32;34;35;52
34;2;4;30;32;33;35;36
35;0;7;33;34;36;37
36;34;35;37;38
37;5;16;35;36;38;39
38;4;6;36;37;39;40
39;4;37;38;40;41
40;38;39;41;42
41;0;1;2;3;7;10;17;24;31;39;40;42;43;44;45;46;47;48;49;50;51;53;54;56;59;62;63;67;70;71;74;75;77;78;80;96;97;99;103;104;109;111
42;0;1;3;40;41;43;44;45;46;47;50;52;53;54;55;63;75;76;78;89;96;97;99
43;26;41;42;44;45;49;52;53;56;58;59;61;70;77;79;84;96;97;102;103
44;2;30;41;42;43;45;46;47;50;53;55;56;59;64;70;80;81;94
45;1;5;41;43;44;46;47;50;54;60;68;73;77;114
46;0;41;43;44;45;47;48;52;62;65
47;6;13;41;45;46;48;49;53;56;61;65;75;92
48;11;15;42;46;47;49;50;58;74;90
49;1;10;41;42;43;44;47;48;50;51;52;57;63;77;86;98;100
50;41;42;44;46;48;49;51;52
51;43;49;50;52;53;61;74;80
52;41;42;43;45;48;50;51;53;54;68;77
53;5;41;43;44;45;51;52;54;55;61;62;84
54;3;8;10;44;52;53;55;56;83
55;41;44;53;54;56;57;83;91;96;99
56;44;54;55;57;58;59
57;41;42;45;49;55;56;58;59;66;112
58;41;49;56;57;59;60;94
59;1;4;6;41;43;44;45;57;58;60;61;100;101
60;42;54;55;58;59;61;62;67;82;93
61;17;42;44;45;59;60;62;63
62;6;44;60;61;63;64
63;41;42;61;62;64;65
64;0;47;52;53;62;63;65;66;72
65;12;25;41;45;51;63;64;66;67
66;41;44;58;64;65;67;68;82
67;41;42;53;65;66;68;69;100;101
68;42;45;61;66;67;69;70
69;45;66;67;68;70;71
70;41;43;46;47;54;68;69;71;72;80
71;44;45;46;69;70;72;73;81;83
72;2;42;43;49;53;70;71;73;74;99
73;41;55;71;72;74;75
74;72;73;75;76;80
75;41;49;55;59;73;74;76;77
76;42;74;75;77;78
77;75;76;78;79
78;41;44;70;76;77;79;80;81
79;55;66;77;78;80;81
80;43;48;60;78;79;81;82
81;44;77;79;80;82;83;96
82;41;42;80;81;83;84
83;41;81;82;84;85;99
84;41;82;83;85;86;91;97
85;43;46;83;84;86;87;96
86;46;51;84;85;87;88
87;41;85;86;88;89
88;86;87;89;90
89;65;87;88;90;91
90;41;42;47;77;88;89;91;92;98
91;89;90;92;93;99;108
92;41;90;91;93;94
93;41;47;88;91;92;94;95;99
94;41;55;84;87;92;93;95;96
95;93;94;96;97
96;4;8;14;34;49;50;85;94;95;97;98;99;100;101;103;104;105;106;108;109;114;116;117;118
97;42;45;65;95;96;98;99;100;101;102;103;108;112
98;0;4;37;44;51;96;97;99;100;101;108;110;112
99;1;96;97;98;100;101;102;105;107;108;115;118
100;96;97;98;99;101;102;104;106;112
101;41;96;97;99;100;102;103;118
102;61;83;96;97;98;99;100;101;103;104;113;117
103;10;101;102;104;105;106;114;118
104;96;98;102;103;105;106;107
105;98;100;103;104;106;107;117
106;42;96;97;100;103;104;105;107;108;109
107;97;99;100;102;105;106;108;109
108;0;96;97;98;106;107;109;110
109;96;100;101;102;107;108;110;111;113;115;116
110;96;97;108;109;111;112;118
111;96;98;101;105;109;110;112;113
112;41;46;53;97;99;104;108;110;111;113;114
113;31;96;101;108;111;112;114;115;118
114;52;98;106;112;113;115;116
115;61;97;113;114;116;117
116;114;115;117;118
117;96;113;115;116;118;119
118;0;96;97;99;101;116;117;119
119;0;1;117;118
